{
	"credit": "Made by OuOuo Workshop, and big thx to Jannis!",
	"elements": [
		{
			"name": "dice out",
			"from": [0, 0, 0],
			"to": [16, 16, 16],
			"faces": {
				"north": {"uv": [0.00119, 5.33452, 5.33215, 10.66548], "texture": "#1"},
				"east": {"uv": [10.66785, 5.33452, 15.99881, 10.66548], "texture": "#1"},
				"south": {"uv": [5.33452, 5.33452, 10.66548, 10.66548], "texture": "#1"},
				"west": {"uv": [5.33452, 0.00119, 10.66548, 5.33215], "texture": "#1"},
				"up": {"uv": [0.00119, 10.66785, 5.33215, 15.99881], "texture": "#1"},
				"down": {"uv": [10.66785, 0.00119, 15.99881, 5.33215], "texture": "#1"}
			}
		},
		{
			"name": "dice in",
			"from": [0.5, 0.5, 0.5],
			"to": [15.5, 15.5, 15.5],
			"faces": {
				"north": {"uv": [0.00119, 0.00119, 4.99881, 4.99881], "texture": "#1"},
				"east": {"uv": [0.00119, 0.00119, 4.99881, 4.99881], "texture": "#1"},
				"south": {"uv": [0.00119, 0.00119, 4.99881, 4.99881], "texture": "#1"},
				"west": {"uv": [0.00119, 0.00119, 4.99881, 4.99881], "texture": "#1"},
				"up": {"uv": [0.00119, 0.00119, 4.99881, 4.99881], "texture": "#1"},
				"down": {"uv": [0.00119, 0.00119, 4.99881, 4.99881], "texture": "#1"}
			}
		}
	],
	"display": {
		"thirdperson_righthand": {
			"rotation": [75, 45, 0],
			"translation": [0, 1.75, 0],
			"scale": [0.2, 0.2, 0.2]
		},
		"thirdperson_lefthand": {
			"rotation": [75, 45, 0],
			"translation": [0, 1.75, 0],
			"scale": [0.2, 0.2, 0.2]
		},
		"firstperson_righthand": {
			"rotation": [0, 45, 0],
			"translation": [0, 1, 0],
			"scale": [0.25, 0.25, 0.25]
		},
		"firstperson_lefthand": {
			"rotation": [0, 225, 0],
			"translation": [0, 1, 0],
			"scale": [0.25, 0.25, 0.25]
		},
		"ground": {
			"translation": [0, 3, 0],
			"scale": [0.25, 0.25, 0.25]
		},
		"gui": {
			"rotation": [30, 135, 0],
			"scale": [0.625, 0.625, 0.625]
		},
		"head": {
			"translation": [0, -6, 0]
		},
		"fixed": {
			"scale": [0.5, 0.5, 0.5]
		}
	}
}